brand,name,sale,priceU,salePriceU
V-Toys,"Игровой набор машинок, автотрек, парковка, подарок мальчику",71,8000.0,2272.0
TOYS Store,"Калейдоскоп для детей и взрослых, вспомни детство!",72,989.0,272.0
FAVORITSTAR DESIGN,Интерактивная игрушка дракон робот динозавр для мальчика,78,3350.0,713.0
Me&My kiddi,"Деревянный сортер ""Грядка 7в1""",70,5000.0,1455.0
Тигренок,Гусь игрушка мягкая плюшевый обнимашка 130 160 190 90 50,80,6575.0,1260.0
Me&My kiddi,Дневник секретов,65,3600.0,1252.0
KseLion,Силиконовый пульт ТВ грызунок,73,1360.0,367.0
Me&My kiddi,Бизикубик 7в1 игрушка,75,4000.0,994.0
MOZABRICK,Фото конструктор мозаика по фотографии интерьерный размер S,60,12781.0,4990.0
KrikToy,Конструктор крупный комби блок,78,9000.0,1917.0
Baby Code,Силиконовый прорезыватель пульт с держателем для грызунка,68,1072.0,337.0
Me&My kiddi,"Развивающий сортер ""Сова 10в1""",68,4600.0,1437.0
TOYS Store,"Калейдоскоп для детей и взрослых, вспомни детство!",72,989.0,272.0
BabyWish,Игрушка антистресс поп ит электронный симпл димпл,91,4900.0,396.0
BabyWish,Игрушка антистресс поп ит электронный симпл димпл,91,4900.0,396.0
Слаймы,Слайм набор для опытов и экспериментов детей и творчества,65,4215.0,1436.0
KrikToy,Конструктор крупный комби блок,85,7014.0,995.0
Tvoi malish,"Деревянная растяжка на коляску,кроватку грызунок",29,2490.0,1767.0
Илюшкины Игрушки,Развивающая игрушка погремушка грызунок,57,1800.0,762.0
Baby Code,Набор игрушек прорезывателей для новорожденных,73,1759.0,464.0
Baby Code,Набор прорезывателей Банан Виноград Грибочек Щеточка,70,1227.0,364.0
Baby Code,Набор прорезывателей Банан Виноград Грибочек Щеточка,69,1191.0,364.0
Aquawelli market,Аниме фигурки Ван Пис,63,1500.0,553.0
Aquawelli market,Аниме фигурки Ван Пис,63,1500.0,553.0
Baby Code,Набор игрушек прорезывателей в форме груди,70,1230.0,365.0
Novatoys,Infinity Nado волчки и арена,70,3260.0,972.0
KseLion,Силиконовый пульт ТВ грызунок,59,710.0,287.0
Smart Baby,"Игрушка детская развивающая ""Зайчик Мой""",68,1591.0,497.0
Lummy,Мягкая игрушка-подушка длинный кот батон 110 см,85,6642.0,943.0
BabyRacer,"Пушкар каталка Volkswagen лицензия, толокар игрушка на улицу",43,7800.0,4430.0
Менделейка,Наборы для опытов игрушки подарок набор для творчества,80,6660.0,1276.0
Basik & Co,Кот Басик в шарфе 25 см,62,4130.0,1554.0
Радуга Кидс,Деревянный сортер Умный сундучок развивающий для малышей,75,2999.0,745.0
"Маэстро, браво!",Наборы для опытов и экспериментов в подарок для детей,61,1399.0,536.0
Me&My kiddi,"Развивающий сортер ""Пингвин 8в1""",69,4600.0,1404.0
Smart Baby,"Игрушка детская развивающая ""Интерактивный куб""",68,3387.0,1058.0
Эксперименты PRO опыты,"Набор опытов для детей 5 в 1, подарок для девочки и мальчика",59,2100.0,849.0
АлфавитKids,Бизиборд домик куб со светом бизидом игрушки,29,3290.0,2335.0
RAN KIDS,Палатка игровая домик для детей и игрушек,85,6696.0,998.0
KRAAV,Игры на липучках развивающие игрушки развивашки для детей,43,1199.0,681.0
Vshop,Головоломка развивающие игрушки игры 3+,66,575.0,191.0
BOONI,Конструктор с шуруповертом развивающий подарок,60,3500.0,1366.0
Магнитный конструктор,Конструктор 3D - Магнитные стики 50 деталей,53,1550.0,715.0
MinikOiOi,Прорезыватель для зубов силиконовый Кактус,78,2552.0,540.0
MinikOiOi,Прорезыватель для зубов силиконовый Кактус,78,2552.0,540.0
MinikOiOi,Прорезыватель для зубов силиконовый Кактус,78,2552.0,540.0
MinikOiOi,Прорезыватель для зубов силиконовый Кактус,78,2552.0,540.0
MinikOiOi,Прорезыватель для зубов силиконовый Кактус,78,2552.0,540.0
Bunnies,головоломка ШАР ОРБО развивающие игрушки для детей взрослых,61,499.0,194.0
Alilo,Интерактивная музыкальная игрушка Умный зайка R1 для детей,60,7215.0,2817.0
Румбокс,"Цветочная оранжерея, конструктор в подарок",73,10676.0,2804.0
Kids Build,Конструктор для детей Полицейский участок,68,7160.0,2236.0
Make magic,Музыкальный ночник игрушка мишка с белым шумом,82,10834.0,1846.0
Раскопки DINOHIT,Раскопки для детей СКЕЛЕТ ДИНОЗАВРА Тираннозавр,63,1200.0,443.0
Раскопки DINOHIT,"Раскопки для детей набор Любимые герои, фигурки игрушки",63,1200.0,443.0
MiCare,Фигурки животных домашних и диких 28 предметов,41,3280.0,1909.0
KRAAV,Игры на липучках развивающие игрушки развивашки для малышей,44,1199.0,664.0
Rolly Polly,Бизиборд домик со светом,42,4077.0,2344.0
RAN KIDS,Палатка игровая Замок,85,7705.0,1094.0
DreamMosaic,Аквамозаика развивающий большой набор для девочек 2400,96,14380.0,510.0
Эволюция,Межполушарные доски - развивающая игра для детей,78,2850.0,607.0
Раскопки DINOHIT,Раскопки для детей Сокровища динозавров,63,1200.0,443.0
Латко,Деревянный сортер монтессори тактильное лото,46,1800.0,958.0
Anmuze®,Мягкая книжка-игрушка (шуршалка),75,1800.0,443.0
Magic Cube,Головоломка для взрослых и детей Магический куб Магнитный,77,1330.0,299.0
NDCG,Прорезыватель для зубов рукавичка от 3-12 месяцев на липучке,55,674.0,303.0
Re-агенты,"Набор для опытов для детей, подарок",71,7294.0,2071.0
AUKKA,Развивающая игрушка Ежик Финн,70,1667.0,497.0
LUCHINA toys,Развивающий сортер Монтессори,65,3709.0,1264.0
BAUTOY,Магнитная рыбалка детская игрушка для купания в ванной набор,78,3333.0,733.0
BAUTOY,Магнитная рыбалка детская игрушка для купания в ванной набор,78,2972.0,654.0
NDCG,Прорезыватель для зубов рукавичка от 3-12 месяцев на липучке,55,674.0,303.0
Brauberg,"Палатка детская игровая, домик шатер для детей и игрушек",60,1491.0,582.0
KIT,Сортер деревянный развивающий монтессори,58,5271.0,2170.0
LUCHINA toys,Развивающий сортер Монтессори,63,4530.0,1640.0
Опыты для детей,ЦИАНОТИПИЯ Набор для опытов и экспериментов,65,2500.0,852.0
KRAAV,Игрушки на липучках развивающие книги фразовый конструктор,51,1090.0,533.0
Happy Makers,Лучшая в Мире Развивающая Термомозаика,87,7779.0,938.0
MiCare,Магнитный конструктор Светящийся 131 деталь,58,3680.0,1541.0
BabyBoom!,Прыгунки для детей подвесные 3в1 тренажер №4,72,2568.0,712.0
NDCG,Прорезыватель для зубов рукавичка от 3-12 месяцев на липучке,55,674.0,303.0
Pixel Art,Конструктор не Термомозаика Миньон,56,1199.0,527.0
NDCG,Прорезыватель для зубов рукавичка от 3-12 месяцев на липучке,55,674.0,303.0
Totty toys,Мягкая игрушка 90 см антистресс подушка плюшевая кот батон,80,3798.0,755.0
Mil Market,Головоломка магнитная развивающие игры,71,5900.0,1675.0
LUCHINA toys,Развивающий деревянный сортер монтессори,51,3411.0,1671.0
LEGO,Конструктор машинка радиоуправляемая 2 в 1,78,6200.0,1320.0
Mimitoys,Развивающая игрушка сортер Ежик,75,1500.0,364.0
Магнитный конструктор,Конструктор 3D - Магнитные стики 36 деталей,53,1260.0,581.0
Gugusha,Палатка игровая,82,9370.0,1596.0
AlexToys,Развивающая игрушка сортер Ежик,75,1517.0,368.0
TrendToys,Космический игровой набор 2в1 для детей,59,3167.0,1281.0
ЛеПеСиН,Сортер для малышей деревянный развивающий монтессори от 3+,86,3502.0,462.0
Lummy,Мягкая игрушка кот батон подушка большая плюшевая антистресс,86,6170.0,832.0
Рыжий Кот.,Коврик развивающий с игрушками для малышей,58,3705.0,1525.0
LEGO,Лего конструктор для мальчиков сити полицейский грузовик,77,7350.0,1669.0
SAYFUN Toys,Конструктор - набор для создания украшений,53,1473.0,679.0
Kids Build,Полицейский автобус-автопоезд конструктор для детей,73,6445.0,1738.0
WoodenFoxy,Нейротренажер баланса восьмёрка ручной балансир Монтессори,53,1795.0,841.0
Менделейка,Опыты для детей игрушки подарок набор для творчества,77,5061.0,1149.0
